"Allocation","Object/s (avg.)","Objects Created","Level"
"byte[]","1366","97023","1"
"scala.Some","1162","82536","1"
"java.nio.HeapByteBuffer","1092","77596","1"
"java.util.concurrent.ConcurrentSkipListMap$Node","741","52645","1"
"java.lang.Object[]","514","36535","1"
"double[]","500","35569","1"
"java.lang.Double","500","35569","1"
"java.util.ArrayList","484","34413","1"
"java.lang.Integer","424","30130","1"
"scala.Tuple2","384","27281","1"
"org.apache.kafka.common.record.DefaultRecordBatch","367","26120","1"
"java.lang.Long","331","23535","1"
"java.lang.String","317","22557","1"
"org.apache.kafka.common.record.DefaultRecordBatch$DefaultFileChannelRecordBatch","316","22466","1"
"java.util.ArrayList$Itr","316","22461","1"
"scala.collection.mutable.ArrayBufferView","256","18183","1"
"scala.collection.mutable.CheckedIndexedSeqView$CheckedIterator","256","18183","1"
"java.util.concurrent.ConcurrentSkipListMap$Index","253","18001","1"
"scala.collection.mutable.ArrayBuffer$$Lambda$1559.0x000000080158bde8","250","17761","1"
"scala.collection.mutable.HashMap","222","15822","1"
"scala.collection.mutable.HashMap$Node[]","222","15822","1"
"java.lang.StringBuilder","206","14652","1"
"scala.collection.mutable.HashMap$Node","192","13690","1"
"org.apache.kafka.common.record.RecordBatchIterator","188","13396","1"
"kafka.log.OffsetPosition","182","12954","1"
"scala.collection.mutable.ArrayBuffer","176","12529","1"
"org.apache.kafka.common.record.ByteBufferLogInputStream","171","12174","1"
"kafka.utils.Pool$$Lambda$1545.0x000000080151eaa0","169","12004","1"
"java.util.HashMap$Node","158","11286","1"
"org.apache.kafka.common.utils.ImplicitLinkedHashCollection$ImplicitLinkedHashCollectionIterator","154","10950","1"
"scala.runtime.IntRef","153","10912","1"
"java.util.HashMap$KeyIterator","142","10146","1"
"java.lang.Object","137","9745","1"
"scala.runtime.BooleanRef","136","9718","1"
"java.util.AbstractMap$SimpleImmutableEntry","127","9057","1"
"java.util.HashMap$EntryIterator","122","8724","1"
"org.apache.kafka.common.record.AbstractLegacyRecordBatch$ByteBufferLegacyRecordBatch","120","8521","1"
"org.apache.kafka.common.record.LegacyRecord","120","8521","1"
"kafka.utils.Pool$$Lambda$1544.0x0000000801546a30","117","8365","1"
"scala.collection.mutable.HashMap$$anon$6","104","7449","1"
"java.util.HashMap$Node[]","104","7417","1"
"java.nio.ByteBuffer[]","103","7376","1"
"org.apache.kafka.common.message.FetchResponseData$EpochEndOffset","103","7347","1"
"org.apache.kafka.common.message.FetchResponseData$LeaderIdAndEpoch","103","7347","1"
"org.apache.kafka.common.message.FetchResponseData$SnapshotId","103","7347","1"
"org.apache.kafka.common.TopicPartition","102","7311","1"
"scala.Tuple3","102","7288","1"
"scala.util.Right","102","7261","1"
"scala.collection.immutable.$colon$colon","97","6910","1"
"java.util.LinkedHashMap$Entry","90","6391","1"
"kafka.server.LogOffsetMetadata","85","6094","1"
"scala.runtime.ObjectRef","85","6092","1"
"scala.collection.mutable.HashMap$$anon$1","85","6085","1"
"scala.runtime.LongRef","85","6084","1"
"scala.util.Left","85","6045","1"
"kafka.network.Processor$$Lambda$1486.0x000000080153e418","84","6015","1"
"scala.collection.mutable.ListBuffer","79","5627","1"
"jdk.internal.org.objectweb.asm.SymbolTable$Entry","77","5486","1"
"kafka.network.Processor$$Lambda$1479.0x000000080150a148","75","5339","1"
"scala.collection.convert.AsScalaExtensions$IteratorHasAsScala","74","5276","1"
"scala.collection.convert.JavaCollectionWrappers$JIteratorWrapper","74","5276","1"
"org.apache.kafka.common.protocol.ByteBufferAccessor","71","5084","1"
"kafka.network.Processor$$Lambda$1493.0x0000000801540000","71","5054","1"
"kafka.network.Processor$$Lambda$1483.0x000000080153e1f8","71","5052","1"
"kafka.network.Processor$$Lambda$1482.0x0000000801501d50","69","4953","1"
"java.util.LinkedHashMap$LinkedEntryIterator","68","4897","1"
"org.apache.kafka.common.TopicIdPartition","68","4877","1"
"scala.Tuple2$mcJI$sp","68","4856","1"
"scala.math.Ordered$$anon$1","68","4856","1"
"scala.collection.mutable.ArrayBuffer$$anon$1","54","3840","1"
"kafka.network.RequestChannel$Request$$Lambda$1440.0x000000080150e8a0","52","3761","1"
"kafka.network.RequestChannel$Request$$Lambda$1442.0x000000080150f490","52","3761","1"
"java.util.Optional","52","3756","1"
"java.util.LinkedHashMap","52","3755","1"
"kafka.network.RequestMetrics$$Lambda$1503.0x0000000801537ad0","52","3714","1"
"org.apache.kafka.common.network.ByteBufferSend","51","3688","1"
"java.util.IdentityHashMap","51","3687","1"
"org.apache.kafka.common.protocol.MessageSizeAccumulator","51","3687","1"
"org.apache.kafka.common.protocol.ObjectSerializationCache","51","3687","1"
"org.apache.kafka.common.message.FetchResponseData","51","3673","1"
"org.apache.kafka.common.message.FetchResponseData$FetchableTopicResponse","51","3673","1"
"java.util.concurrent.ConcurrentLinkedQueue$Node","51","3669","1"
"kafka.server.CachedPartition","51","3662","1"
"java.util.HashMap","51","3661","1"
"scala.collection.mutable.HashMap$$anon$4","51","3651","1"
"kafka.log.LogOffsetSnapshot","50","3619","1"
"kafka.server.DelayedFetch$$Lambda$1494.0x0000000801553518","50","3603","1"
"kafka.server.DelayedFetch$$Lambda$1496.0x0000000801543870","50","3603","1"
"org.apache.kafka.common.record.AbstractRecords$$Lambda$1543.0x000000080151d0d8","50","3597","1"
"scala.collection.convert.AsScalaExtensions$CollectionHasAsScala","39","2836","1"
"scala.collection.convert.JavaCollectionWrappers$JCollectionWrapper","39","2836","1"
"org.apache.kafka.common.network.Selector$$Lambda$1522.0x0000000801543ce8","37","2690","1"
"char[]","37","2677","1"
"java.io.CharArrayWriter","35","2542","1"
"kafka.network.RequestChannel$Request","35","2542","1"
"kafka.network.RequestChannel$Session","35","2542","1"
"org.apache.kafka.common.message.RequestHeaderData","35","2542","1"
"org.apache.kafka.common.network.NetworkReceive","35","2542","1"
"org.apache.kafka.common.requests.RequestAndSize","35","2542","1"
"org.apache.kafka.common.requests.RequestContext","35","2542","1"
"org.apache.kafka.common.requests.RequestHeader","35","2542","1"
"org.apache.kafka.common.security.auth.PlaintextAuthenticationContext","35","2542","1"
"org.apache.kafka.common.network.NetworkSend","35","2540","1"
"kafka.network.RequestChannel$Request$$Lambda$1436.0x000000080150e2f8","35","2508","1"
"kafka.network.RequestChannel$Request$$Lambda$1443.0x0000000801544b58","35","2508","1"
"org.apache.kafka.common.record.MemoryRecords","35","2490","1"
"org.apache.kafka.common.utils.ImplicitLinkedHashCollection$Element[]","35","2489","1"
"org.apache.kafka.common.utils.ImplicitLinkedHashCollection$HeadElement","35","2489","1"
"kafka.network.Processor$$Lambda$1495.0x0000000801528930","34","2476","1"
"kafka.network.Processor$$Lambda$1497.0x0000000801531ce8","34","2476","1"
"kafka.network.Processor$$Lambda$1504.0x000000080154afe0","34","2476","1"
"kafka.network.Processor$$Lambda$1506.0x0000000801545868","34","2476","1"
"org.apache.kafka.common.record.MemoryRecords$$Lambda$1407.0x00000008014feac8","34","2473","1"
"java.util.concurrent.locks.AbstractQueuedSynchronizer$ConditionNode","34","2469","1"
"java.util.ArrayDeque","34","2463","1"
"java.util.concurrent.LinkedBlockingDeque$Node","34","2463","1"
"kafka.network.RequestChannel$SendResponse","34","2463","1"
"org.apache.kafka.common.message.ResponseHeaderData","34","2463","1"
"org.apache.kafka.common.protocol.SendBuilder","34","2463","1"
"org.apache.kafka.common.requests.ResponseHeader","34","2463","1"
"scala.collection.convert.AsScalaExtensions$MapHasAsScala","34","2463","1"
"scala.collection.convert.JavaCollectionWrappers$JMapWrapper","34","2463","1"
"kafka.server.KafkaRequestHandler$$Lambda$959.0x00000008014397e8","34","2452","1"
"kafka.server.KafkaApis$$Lambda$1408.0x00000008014fa3f0","34","2451","1"
"org.apache.kafka.common.network.Selector$$Lambda$1540.0x000000080156fdf8","34","2450","1"
"java.util.LinkedHashMap$LinkedEntrySet","34","2449","1"
"org.apache.kafka.common.requests.FetchResponse","34","2449","1"
"kafka.server.IncrementalFetchContext$PartitionIterator","34","2448","1"
"org.apache.kafka.common.message.FetchResponseData$PartitionData","34","2448","1"
"java.util.HashMap$EntrySet","34","2442","1"
"java.util.stream.ReferencePipeline$Head","34","2442","1"
"org.apache.kafka.common.record.AbstractLegacyRecordBatch$1","34","2435","1"
"scala.collection.convert.AsScalaExtensions$IterableHasAsScala","34","2435","1"
"scala.collection.convert.JavaCollectionWrappers$JIterableWrapper","34","2435","1"
"kafka.log.LogAppendInfo","34","2434","1"
"org.apache.kafka.common.message.ProduceResponseData$TopicProduceResponse","34","2434","1"
"scala.collection.Iterator$$anon$9","34","2431","1"
"scala.collection.convert.AsJavaExtensions$MapHasAsJava","34","2431","1"
"scala.collection.convert.JavaCollectionWrappers$MapWrapper","34","2431","1"
"scala.collection.immutable.Set$Set1","34","2431","1"
"scala.collection.immutable.SetBuilderImpl","34","2431","1"
"java.util.TreeMap$Entry","34","2428","1"
"kafka.server.EvictableKey","34","2428","1"
"kafka.server.LastUsedKey","34","2428","1"
"org.apache.kafka.common.requests.FetchRequest$PartitionData","34","2428","1"
"scala.math.Ordering$Tuple2Ordering","34","2428","1"
"scala.math.Ordering$Tuple3Ordering","34","2428","1"
"kafka.log.LogReadInfo","34","2427","1"
"kafka.network.RequestChannel$$Lambda$1538.0x0000000801593848","34","2427","1"
"kafka.network.RequestChannel$$Lambda$1539.0x00000008015941a8","34","2427","1"
"kafka.server.FetchDataInfo","34","2427","1"
"kafka.server.LogReadResult","34","2427","1"
"kafka.cluster.Partition$$Lambda$1439.0x00000008015170e8","34","2425","1"
"kafka.cluster.Partition$$Lambda$1441.0x00000008015326f8","34","2425","1"
"kafka.cluster.Partition$$Lambda$1437.0x0000000801504068","34","2424","1"
"kafka.server.TopicPartitionOperationKey","34","2422","1"
"kafka.server.ReplicaManager$$Lambda$1500.0x00000008014fbd28","34","2414","1"
"kafka.server.ReplicaManager$$Lambda$1502.0x00000008014fa698","34","2414","1"
"kafka.server.ReplicaManager$$Lambda$1505.0x0000000801546f80","34","2414","1"
"kafka.server.ReplicaManager$$Lambda$1507.0x0000000801540f58","34","2414","1"
"kafka.server.metadata.ZkMetadataCache$$Lambda$1523.0x000000080158d5f8","33","2406","1"
"kafka.log.LocalLog$$Lambda$1541.0x0000000801546cd8","33","2401","1"
"kafka.log.LocalLog$$Lambda$1542.0x0000000801503788","33","2401","1"
"org.apache.kafka.common.record.FileRecords$$Lambda$1554.0x0000000801528250","32","2287","1"
"scala.collection.StrictOptimizedLinearSeqOps$$anon$1","23","1671","1"
"java.util.concurrent.ConcurrentHashMap$Node","19","1391","1"
"org.apache.kafka.common.message.ProduceRequestData","17","1272","1"
"org.apache.kafka.common.message.ProduceRequestData$PartitionProduceData","17","1272","1"
"org.apache.kafka.common.message.ProduceRequestData$TopicProduceData","17","1272","1"
"org.apache.kafka.common.message.ProduceRequestData$TopicProduceDataCollection","17","1272","1"
"org.apache.kafka.common.requests.ProduceRequest","17","1272","1"
"org.apache.kafka.common.Uuid","17","1270","1"
"org.apache.kafka.common.message.FetchRequestData","17","1270","1"
"org.apache.kafka.common.message.FetchRequestData$FetchPartition","17","1270","1"
"org.apache.kafka.common.message.FetchRequestData$FetchTopic","17","1270","1"
"org.apache.kafka.common.requests.FetchMetadata","17","1270","1"
"org.apache.kafka.common.requests.FetchRequest","17","1270","1"
"kafka.cluster.Partition$$Lambda$1415.0x0000000801500710","17","1267","1"
"java.util.concurrent.ConcurrentLinkedQueue$Itr","17","1230","1"
"scala.collection.Iterator$$anon$6","17","1228","1"
"scala.collection.View$Filter","17","1228","1"
"java.util.concurrent.ConcurrentHashMap$ReservationNode","17","1226","1"
"java.util.concurrent.ConcurrentLinkedQueue","17","1226","1"
"java.util.concurrent.atomic.AtomicBoolean","17","1226","1"
"kafka.server.DelayedOperationPurgatory$Watchers","17","1226","1"
"scala.collection.mutable.HashSet","17","1226","1"
"scala.collection.mutable.HashSet$Node[]","17","1226","1"
"org.apache.kafka.common.record.DefaultRecordsSend","17","1225","1"
"org.apache.kafka.common.record.MultiRecordsSend","17","1225","1"
"com.typesafe.scalalogging.Logger","17","1224","1"
"java.util.ArrayList$ArrayListSpliterator","17","1224","1"
"java.util.stream.ReduceOps$5ReducingSink","17","1224","1"
"java.util.stream.ReduceOps$6","17","1224","1"
"java.util.stream.ReferencePipeline$4","17","1224","1"
"java.util.stream.ReferencePipeline$4$1","17","1224","1"
"kafka.server.FetchPartitionData","17","1224","1"
"kafka.utils.timer.TimerTaskEntry","17","1224","1"
"scala.collection.MapOps$$anon$1","17","1224","1"
"java.util.concurrent.atomic.AtomicInteger","17","1223","1"
"kafka.server.KafkaApis$$Lambda$1458.0x000000080152adc8","17","1223","1"
"kafka.server.KafkaApis$$Lambda$1459.0x000000080152b208","17","1223","1"
"kafka.server.KafkaApis$$Lambda$1460.0x0000000801527388","17","1223","1"
"org.apache.kafka.common.record.FileRecords","17","1223","1"
"org.apache.kafka.common.record.FileRecords$LogOffsetPosition","17","1223","1"
"org.apache.kafka.common.requests.FetchResponse$$Lambda$1461.0x000000080152dd60","17","1223","1"
"org.apache.kafka.common.requests.FetchResponse$$Lambda$1462.0x0000000801537278","17","1223","1"
"java.nio.DirectByteBuffer","17","1222","1"
"kafka.server.IncrementalFetchContext$$Lambda$1450.0x0000000801518de8","17","1222","1"
"kafka.server.KafkaApis$$Lambda$1444.0x0000000801515fb0","17","1222","1"
"kafka.server.KafkaApis$$Lambda$1448.0x00000008015413e8","17","1222","1"
"kafka.server.KafkaApis$$Lambda$1449.0x0000000801504810","17","1222","1"
"kafka.server.KafkaApis$$Lambda$1452.0x0000000801540580","17","1222","1"
"kafka.server.KafkaApis$$Lambda$1453.0x000000080151a470","17","1222","1"
"kafka.server.KafkaApis$$Lambda$1454.0x000000080151af90","17","1222","1"
"kafka.server.KafkaApis$$Lambda$1457.0x0000000801526fd8","17","1222","1"
"org.apache.kafka.common.record.FileLogInputStream","17","1222","1"
"scala.Tuple2$mcII$sp","17","1222","1"
"kafka.server.DelayedOperationPurgatory$$Lambda$1517.0x00000008015623e8","17","1221","1"
"kafka.server.DelayedOperationPurgatory$$Lambda$1518.0x0000000801504bc8","17","1221","1"
"scala.collection.convert.JavaCollectionWrappers$IteratorWrapper","17","1219","1"
"java.util.stream.Collectors$CollectorImpl","17","1218","1"
"java.util.stream.ReduceOps$3","17","1218","1"
"java.util.stream.ReduceOps$3ReducingSink","17","1218","1"
"java.util.zip.CRC32C","17","1218","1"
"kafka.log.LogValidator$ValidationAndOffsetAssignResult","17","1218","1"
"kafka.log.RollParams","17","1218","1"
"kafka.server.epoch.EpochEntry","17","1218","1"
"org.apache.kafka.common.record.MemoryRecordsBuilder$RecordsInfo","17","1218","1"
"org.apache.kafka.common.record.RecordConversionStats","17","1218","1"
"scala.collection.IterableOps$$Lambda$834.0x00000008013fb6b8","17","1218","1"
"scala.collection.IterableOps$WithFilter","17","1218","1"
"scala.collection.Iterator$$anon$16","17","1218","1"
"scala.collection.View$$anon$1","17","1218","1"
"scala.collection.View$ZipWithIndex","17","1218","1"
"scala.collection.convert.AsJavaExtensions$SeqHasAsJava","17","1218","1"
"scala.collection.convert.JavaCollectionWrappers$SeqWrapper","17","1218","1"
"java.io.DataOutputStream","17","1217","1"
"java.util.Spliterators$IteratorSpliterator","17","1217","1"
"java.util.TreeMap$EntryIterator","17","1217","1"
"java.util.concurrent.ConcurrentHashMap$ValueIterator","17","1217","1"
"java.util.stream.ReferencePipeline$3","17","1217","1"
"java.util.stream.ReferencePipeline$3$1","17","1217","1"
"java.util.zip.CRC32","17","1217","1"
"kafka.common.LongRef","17","1217","1"
"kafka.log.LogAppendInfo$$Lambda$1422.0x00000008014f8b98","17","1217","1"
"kafka.log.LogValidator$$$Lambda$1416.0x000000080150ad60","17","1217","1"
"kafka.log.LogValidator$$$Lambda$1418.0x0000000801508e38","17","1217","1"
"kafka.log.LogValidator$$$Lambda$1419.0x0000000801528c90","17","1217","1"
"kafka.log.LogValidator$$$Lambda$1420.0x00000008015091f0","17","1217","1"
"kafka.server.LogAppendResult","17","1217","1"
"kafka.server.ProducePartitionStatus","17","1217","1"
"org.apache.kafka.common.message.ProduceResponseData","17","1217","1"
"org.apache.kafka.common.message.ProduceResponseData$PartitionProduceResponse","17","1217","1"
"org.apache.kafka.common.message.ProduceResponseData$TopicProduceResponseCollection","17","1217","1"
"org.apache.kafka.common.record.AbstractRecords$1","17","1217","1"
"org.apache.kafka.common.record.MemoryRecordsBuilder","17","1217","1"
"org.apache.kafka.common.requests.ProduceResponse","17","1217","1"
"org.apache.kafka.common.requests.ProduceResponse$PartitionResponse","17","1217","1"
"org.apache.kafka.common.utils.ByteBufferOutputStream","17","1217","1"
"scala.collection.convert.JavaCollectionWrappers$MapWrapper$$anon$2","17","1217","1"
"scala.collection.convert.JavaCollectionWrappers$MapWrapper$$anon$2$$anon$3","17","1217","1"
"scala.collection.convert.JavaCollectionWrappers$MapWrapper$$anon$2$$anon$3$$anon$4","17","1217","1"
"kafka.cluster.Partition$$Lambda$1423.0x0000000801541908","17","1216","1"
"kafka.cluster.Partition$$Lambda$1424.0x00000008014eecf8","17","1216","1"
"kafka.server.KafkaApis$$Lambda$1411.0x000000080150a920","17","1216","1"
"kafka.server.KafkaApis$$Lambda$1412.0x000000080150ab40","17","1216","1"
"kafka.server.KafkaApis$$Lambda$1413.0x00000008014f87e0","17","1216","1"
"kafka.server.KafkaApis$$Lambda$1414.0x00000008014ffae8","17","1216","1"
"kafka.server.KafkaApis$$Lambda$1425.0x00000008014ed1e8","17","1216","1"
"kafka.server.KafkaApis$$Lambda$1426.0x0000000801543f08","17","1216","1"
"kafka.server.KafkaApis$$Lambda$1427.0x000000080150bc18","17","1216","1"
"kafka.server.KafkaApis$$Lambda$1428.0x0000000801515a18","17","1216","1"
"org.apache.kafka.common.requests.ProduceRequest$$Lambda$1433.0x000000080150c578","17","1216","1"
"org.apache.kafka.common.requests.ProduceRequest$$Lambda$1434.0x0000000801532920","17","1216","1"
"org.apache.kafka.common.requests.ProduceRequest$$Lambda$1435.0x0000000801535ab8","17","1216","1"
"org.apache.kafka.common.requests.ProduceResponse$$Lambda$1429.0x000000080150af80","17","1216","1"
"org.apache.kafka.common.requests.ProduceResponse$$Lambda$1431.0x000000080150b1a0","17","1216","1"
"org.apache.kafka.common.requests.ProduceResponse$$Lambda$1432.0x000000080150b3c0","17","1216","1"
"java.util.Collections$UnmodifiableMap","17","1214","1"
"kafka.server.FetchManager$$Lambda$1468.0x00000008015088a8","17","1214","1"
"kafka.server.FetchParams","17","1214","1"
"kafka.server.FetchSession$$Lambda$1466.0x0000000801526b40","17","1214","1"
"kafka.server.FetchSession$$Lambda$1467.0x0000000801529b30","17","1214","1"
"kafka.server.IncrementalFetchContext","17","1214","1"
"kafka.server.IncrementalFetchContext$$Lambda$1470.0x00000008015353a8","17","1214","1"
"kafka.server.KafkaApis$$Lambda$1469.0x00000008014f8e68","17","1214","1"
"kafka.server.KafkaApis$$Lambda$1472.0x00000008014f6000","17","1214","1"
"kafka.server.KafkaApis$$Lambda$1473.0x00000008014f63b8","17","1214","1"
"org.apache.kafka.common.replica.ClientMetadata$DefaultClientMetadata","17","1214","1"
"org.apache.kafka.common.requests.FetchRequest$$Lambda$1463.0x0000000801541cc8","17","1214","1"
"org.apache.kafka.common.requests.FetchRequest$$Lambda$1464.0x000000080150ccf8","17","1214","1"
"org.apache.kafka.common.requests.FetchRequest$$Lambda$1465.0x0000000801514b70","17","1214","1"
"java.util.concurrent.locks.ReentrantLock","17","1213","1"
"java.util.concurrent.locks.ReentrantLock$NonfairSync","17","1213","1"
"kafka.server.ReplicaManager$$Lambda$1480.0x0000000801502120","17","1209","1"
"kafka.server.ReplicaManager$$Lambda$1511.0x0000000801551890","17","1209","1"
"kafka.server.ReplicaManager$$Lambda$1484.0x000000080152e380","17","1208","1"
"kafka.server.ReplicaManager$$Lambda$1489.0x000000080154d0d8","17","1208","1"
"kafka.server.ReplicaManager$$Lambda$1492.0x00000008014f9d10","17","1208","1"
"kafka.server.DelayedFetch$$Lambda$1508.0x0000000801551d60","16","1206","1"
"kafka.server.DelayedFetch","16","1205","1"
"kafka.server.FetchPartitionStatus","16","1204","1"
"kafka.log.UnifiedLog$$Lambda$1526.0x0000000801508000","16","1200","1"
"kafka.log.UnifiedLog$$Lambda$1527.0x0000000801545ce0","16","1200","1"
"kafka.log.UnifiedLog$$Lambda$1529.0x00000008015186c0","16","1200","1"
"kafka.log.UnifiedLog$$Lambda$1530.0x0000000801519fc8","16","1200","1"
"kafka.log.UnifiedLog$$Lambda$1531.0x0000000801585090","16","1200","1"
"kafka.log.UnifiedLog$$Lambda$1532.0x000000080151ecf0","16","1200","1"
"kafka.log.UnifiedLog$$Lambda$1533.0x0000000801590c78","16","1200","1"
"kafka.log.UnifiedLog$$Lambda$1534.0x0000000801588b30","16","1200","1"
"kafka.log.UnifiedLog$$Lambda$1535.0x0000000801585c60","16","1200","1"
"kafka.log.UnifiedLog$$Lambda$1536.0x0000000801546230","16","1200","1"
"kafka.server.PartitionMetadataFile$$Lambda$1525.0x00000008015958d8","16","1200","1"
"kafka.log.UnifiedLog$$Lambda$1537.0x00000008015464d8","16","1199","1"
"kafka.server.ReplicaManager$$Lambda$1512.0x00000008015014f0","16","1199","1"
"kafka.server.ReplicaManager$$Lambda$1513.0x000000080154cbf0","16","1199","1"
"kafka.log.OffsetIndex$$Lambda$1553.0x00000008015341b8","16","1193","1"
"kafka.log.LogSegment$$Lambda$1548.0x00000008014fa120","16","1189","1"
"kafka.log.LogSegment$$Lambda$1549.0x0000000801567b08","16","1189","1"
"java.lang.invoke.MemberName","12","865","1"
"java.lang.invoke.MethodType","11","839","1"
"jdk.internal.org.objectweb.asm.ByteVector","10","716","1"
"java.lang.Class[]","8","611","1"
"jdk.internal.org.objectweb.asm.Label","6","464","1"
"jdk.internal.org.objectweb.asm.MethodWriter","6","464","1"
"scala.collection.Iterator$$anon$20","6","455","1"
"java.lang.String[]","6","441","1"
"scala.collection.mutable.ArrayBuffer$$Lambda$136.0x000000080116d120","5","422","1"
"java.lang.invoke.MethodHandles$Lookup","5","402","1"
"kafka.log.LogCleanerManager$$Lambda$1595.0x00000008015abdc0","5","400","1"
"scala.Tuple2$mcJJ$sp","5","400","1"
"kafka.network.Processor$$Lambda$931.0x00000008014262a0","5","389","1"
"int[]","5","387","1"
"java.util.concurrent.ConcurrentHashMap$MapEntry","5","372","1"
"jdk.internal.org.objectweb.asm.Type","4","346","1"
"kafka.utils.Pool$$Lambda$1008.0x00000008014520e8","4","339","1"
"java.lang.invoke.DirectMethodHandle$Constructor","3","256","1"
"java.lang.invoke.InnerClassLambdaMetafactory$ForwardingMethodGenerator","3","233","1"
"jdk.internal.org.objectweb.asm.FieldWriter","3","225","1"
"java.util.concurrent.ConcurrentSkipListMap$SubMap","2","200","1"
"java.util.concurrent.ConcurrentSkipListMap$SubMap$SubMapValueIterator","2","200","1"
"java.util.concurrent.ConcurrentSkipListMap$ValueIterator","2","200","1"
"java.util.concurrent.ConcurrentSkipListMap$Values","2","200","1"
"kafka.log.LogCleanerManager$$$Lambda$1597.0x000000080155b380","2","200","1"
"kafka.log.LogCleanerManager$$$Lambda$1603.0x0000000801573790","2","200","1"
"kafka.log.LogSegments$$Lambda$1600.0x00000008015c5b58","2","200","1"
"kafka.log.LogSegments$$Lambda$1601.0x000000080156dd30","2","200","1"
"kafka.log.LogToClean","2","200","1"
"kafka.log.OffsetsToClean","2","200","1"
"kafka.log.StartOffsetBreach","2","200","1"
"kafka.log.UnifiedLog$$Lambda$1610.0x00000008015b8000","2","200","1"
"kafka.log.UnifiedLog$$Lambda$1611.0x00000008015cb098","2","200","1"
"kafka.log.UnifiedLog$$Lambda$1613.0x000000080154d958","2","200","1"
"kafka.log.UnifiedLog$$Lambda$1614.0x00000008015b47f0","2","200","1"
"scala.collection.IterableOnceOps$$Lambda$444.0x00000008012b7068","2","200","1"
"kafka.network.Processor$$Lambda$918.0x000000080141ad48","2","186","1"
"kafka.network.Processor$$Lambda$924.0x0000000801420470","2","186","1"
"kafka.network.Processor$$Lambda$923.0x0000000801420250","2","185","1"
"org.apache.kafka.common.network.Selector$$Lambda$897.0x0000000801416370","2","181","1"
"kafka.utils.Pool$$Lambda$1126.0x0000000801482b28","2","168","1"
"java.lang.invoke.MethodType$ConcurrentWeakInternSet$WeakEntry","2","165","1"
"java.lang.Byte","2","151","1"
"jdk.internal.ref.CleanerImpl$PhantomCleanableRef","1","133","1"
"java.lang.invoke.ResolvedMethodName","1","131","1"
"kafka.network.Processor$$Lambda$958.0x0000000801439430","1","130","1"
"java.lang.Class","1","128","1"
"java.lang.invoke.ConstantCallSite","1","128","1"
"java.lang.invoke.MethodHandleNatives$CallSiteContext","1","128","1"
"java.lang.invoke.MethodHandles$Lookup$ClassDefiner","1","128","1"
"java.lang.invoke.MethodHandles$Lookup$ClassFile","1","128","1"
"java.lang.invoke.MethodHandles$Lookup$ClassOption[]","1","128","1"
"java.util.ImmutableCollections$Set12","1","128","1"
"java.util.ImmutableCollections$Set12$1","1","128","1"
"jdk.internal.org.objectweb.asm.ClassReader","1","128","1"
"jdk.internal.org.objectweb.asm.SymbolTable$Entry[]","1","124","1"
"java.lang.invoke.InfoFromMemberName","1","123","1"
"java.lang.invoke.InnerClassLambdaMetafactory","1","123","1"
"jdk.internal.org.objectweb.asm.ClassWriter","1","123","1"
"jdk.internal.org.objectweb.asm.SymbolTable","1","123","1"
"org.apache.kafka.common.record.AbstractRecords$$Lambda$370.0x000000080127fb70","1","116","1"
"java.lang.invoke.TypeConvertingMethodAdapter","1","105","1"
"java.lang.invoke.MethodType[]","1","103","1"
"kafka.network.RequestMetrics$$Lambda$1006.0x0000000801451b98","1","96","1"
"java.util.LinkedHashSet","1","93","1"
"org.apache.kafka.common.network.Selector$$Lambda$957.0x0000000801439228","1","90","1"
"kafka.network.Processor$$Lambda$1018.0x0000000801457000","0.9","65","1"
"kafka.network.Processor$$Lambda$1020.0x0000000801457770","0.9","65","1"
"kafka.network.Processor$$Lambda$998.0x000000080144f738","0.9","64","1"
"kafka.network.Processor$$Lambda$999.0x000000080144f9e0","0.9","64","1"
"java.util.concurrent.CompletableFuture","0.8","63","1"
"kafka.coordinator.group.DelayedHeartbeat$$Lambda$1568.0x0000000801568000","0.8","63","1"
"kafka.coordinator.group.GroupCoordinator$$Lambda$1569.0x000000080156ace8","0.8","63","1"
"org.apache.kafka.common.record.FileRecords$$Lambda$371.0x000000080127fda0","0.8","58","1"
"kafka.cluster.Partition$$Lambda$1624.0x00000008015b3ab0","0.7","52","1"
"kafka.server.ReplicaManager$$Lambda$1574.0x00000008015b1720","0.7","52","1"
"kafka.server.ReplicaManager$$Lambda$1576.0x00000008015b1e98","0.7","52","1"
"kafka.cluster.Partition$$Lambda$1622.0x000000080159c070","0.7","51","1"
"kafka.cluster.Partition$$Lambda$1623.0x00000008015755a0","0.7","51","1"
"kafka.network.RequestChannel$Request$$Lambda$1011.0x0000000801452778","0.7","50","1"
"kafka.network.RequestChannel$Request$$Lambda$1014.0x0000000801453290","0.7","50","1"
"kafka.network.RequestChannel$$Lambda$995.0x000000080144d3f8","0.5","36","1"
"kafka.network.RequestChannel$$Lambda$996.0x000000080144d990","0.5","36","1"
"kafka.log.OffsetIndex$$Lambda$1556.0x0000000801579c40","0.4","34","1"
"kafka.log.OffsetIndex$$Lambda$1557.0x0000000801579ef0","0.4","34","1"
"kafka.log.TimeIndex$$Lambda$1558.0x000000080157a788","0.4","34","1"
"kafka.network.RequestChannel$Request$$Lambda$1016.0x0000000801453648","0.4","33","1"
"kafka.network.RequestChannel$Request$$Lambda$1002.0x0000000801450f58","0.4","32","1"
"java.lang.invoke.BoundMethodHandle$Species_L","0.4","30","1"
"java.lang.invoke.LambdaFormEditor","0.4","30","1"
"java.lang.invoke.LambdaFormEditor$TransformKey","0.4","30","1"
"java.lang.invoke.MethodHandleImpl$IntrinsicMethodHandle","0.4","30","1"
"java.lang.invoke.SimpleMethodHandle","0.4","30","1"
"kafka.log.LogSegment$$Lambda$1364.0x00000008014e5578","0.4","29","1"
"kafka.log.LogSegment$$Lambda$1365.0x00000008014e5828","0.4","29","1"
"kafka.log.OffsetIndex$$Lambda$380.0x0000000801287c28","0.4","29","1"
"kafka.log.LocalLog$$Lambda$1159.0x0000000801490258","0.3","25","1"
"kafka.log.LocalLog$$Lambda$1161.0x00000008014908b8","0.3","25","1"
"kafka.server.metadata.ZkMetadataCache$$Lambda$1236.0x00000008014aea08","0.3","25","1"
"java.lang.invoke.DirectMethodHandle","0.3","24","1"
"java.lang.invoke.MethodHandleImpl$AsVarargsCollector","0.3","23","1"
"java.util.Collections$1","0.2","21","1"
"java.util.Collections$SingletonMap","0.2","21","1"
"java.util.Collections$SingletonSet","0.2","21","1"
"kafka.coordinator.group.DelayedHeartbeat","0.2","21","1"
"kafka.coordinator.group.GroupCoordinator$$Lambda$1563.0x00000008015b0f00","0.2","21","1"
"kafka.coordinator.group.GroupCoordinator$$Lambda$1564.0x0000000801519cf0","0.2","21","1"
"kafka.coordinator.group.GroupCoordinator$$Lambda$1565.0x00000008014fb058","0.2","21","1"
"kafka.coordinator.group.GroupCoordinator$$Lambda$1566.0x000000080155c838","0.2","21","1"
"kafka.coordinator.group.GroupCoordinator$$Lambda$1567.0x00000008015bf770","0.2","21","1"
"kafka.coordinator.group.GroupCoordinatorAdapter$$Lambda$1475.0x00000008015525d0","0.2","21","1"
"kafka.server.AuthHelper$$Lambda$1474.0x0000000801552218","0.2","21","1"
"kafka.server.KafkaApis$$Lambda$1476.0x0000000801543a90","0.2","21","1"
"kafka.server.KafkaApis$$Lambda$1477.0x0000000801552988","0.2","21","1"
"kafka.server.KafkaApis$$Lambda$1478.0x0000000801513238","0.2","21","1"
"kafka.server.MemberKey","0.2","21","1"
"kafka.server.RequestHandlerHelper$$anon$1","0.2","21","1"
"org.apache.kafka.common.message.HeartbeatResponseData","0.2","21","1"
"org.apache.kafka.common.requests.HeartbeatResponse","0.2","21","1"
"kafka.log.UnifiedLog$$Lambda$1081.0x0000000801471550","0.2","18","1"
"kafka.log.UnifiedLog$$Lambda$1086.0x0000000801472218","0.2","18","1"
"kafka.log.UnifiedLog$$Lambda$1358.0x00000008014e4000","0.2","18","1"
"kafka.log.UnifiedLog$$Lambda$1359.0x00000008014e4220","0.2","18","1"
"kafka.log.UnifiedLog$$Lambda$1362.0x00000008014e4fa0","0.2","18","1"
"kafka.log.UnifiedLog$$Lambda$1363.0x00000008014e51c0","0.2","18","1"
"kafka.log.UnifiedLog$$Lambda$1366.0x00000008014e5e50","0.2","18","1"
"kafka.log.UnifiedLog$$Lambda$1367.0x00000008014e64e0","0.2","18","1"
"kafka.log.UnifiedLog$$Lambda$1368.0x00000008014e6898","0.2","18","1"
"kafka.log.UnifiedLog$$Lambda$1350.0x00000008014d6be0","0.2","17","1"
"kafka.log.UnifiedLog$$Lambda$1351.0x00000008014d7a80","0.2","17","1"
"kafka.server.PartitionMetadataFile$$Lambda$1349.0x00000008014d6828","0.2","17","1"
"org.apache.kafka.common.record.MemoryRecords$$Lambda$1185.0x0000000801496f50","0.2","17","1"
"kafka.server.DelayedFetch$$Lambda$1254.0x00000008014b6a08","0.2","16","1"
"kafka.server.DelayedFetch$$Lambda$1255.0x00000008014b70a8","0.2","16","1"
"java.lang.ClassValue$Entry","0.1","13","1"
"kafka.server.ReplicaManager$$Lambda$1245.0x00000008014ab9d0","0.1","12","1"
"kafka.server.ReplicaManager$$Lambda$1247.0x00000008014b43d8","0.1","12","1"
"kafka.server.ReplicaManager$$Lambda$1248.0x00000008014b4790","0.1","12","1"
"java.lang.invoke.VarHandle$AccessDescriptor","0.1","11","1"
"kafka.server.ReplicaManager$$Lambda$1244.0x00000008014ab618","0.1","11","1"
"java.lang.ThreadLocal$ThreadLocalMap$Entry","0.1","10","1"
"kafka.server.ReplicaManager$$Lambda$1555.0x00000008015af9d0","0.1","10","1"
"kafka.server.ReplicaManager$$Lambda$1370.0x00000008014e78d8","0.1","9","1"
"kafka.server.ReplicaManager$$Lambda$1374.0x00000008014e3b40","0.1","9","1"
"kafka.server.ReplicaManager$$Lambda$1388.0x00000008014eb060","0.1","9","1"
"jdk.internal.misc.InternalLock","0.1","8","1"
"kafka.server.ReplicaManager$$Lambda$1347.0x00000008014d5e30","0.1","8","1"
"scala.reflect.ClassTag$GenericClassTag","0.1","8","1"
"java.nio.HeapCharBuffer","< 0.1","7","1"
"java.util.concurrent.ConcurrentHashMap$EntryIterator","< 0.1","7","1"
"kafka.server.DelayedFetch$$Lambda$1258.0x00000008014b7a30","< 0.1","7","1"
"kafka.utils.Pool$$anon$1","< 0.1","7","1"
"long[]","< 0.1","7","1"
"java.io.FileDescriptor","< 0.1","6","1"
"java.lang.invoke.MethodTypeForm","< 0.1","6","1"
"java.lang.ClassValue$Version","< 0.1","5","1"
"java.lang.invoke.DirectMethodHandle$Special","< 0.1","5","1"
"java.nio.file.OpenOption[]","< 0.1","5","1"
"kafka.server.DelayedOperationPurgatory$$Lambda$1213.0x00000008014a5770","< 0.1","5","1"
"kafka.server.DelayedOperationPurgatory$$Lambda$1216.0x00000008014a5fc8","< 0.1","5","1"
"kafka.server.ReplicaManager$$Lambda$1250.0x00000008014b51b0","< 0.1","5","1"
"kafka.server.ReplicaManager$$Lambda$1251.0x00000008014b5568","< 0.1","5","1"
"kafka.server.ReplicaManager$$Lambda$1252.0x00000008014b5920","< 0.1","5","1"
"kafka.utils.KafkaScheduler$$Lambda$1580.0x0000000801529ff0","< 0.1","5","1"
"sun.nio.ch.FileChannelImpl","< 0.1","5","1"
"sun.nio.ch.FileChannelImpl$Closer","< 0.1","5","1"
"sun.nio.ch.FileDispatcherImpl","< 0.1","5","1"
"sun.nio.ch.NativeThreadSet","< 0.1","5","1"
"sun.nio.fs.UnixChannelFactory$Flags","< 0.1","5","1"
"java.lang.ref.SoftReference[]","< 0.1","4","1"
"java.util.concurrent.locks.AbstractQueuedSynchronizer$SharedNode","< 0.1","4","1"
"kafka.log.LogCleanerManager$$Lambda$1594.0x0000000801594c10","< 0.1","4","1"
"kafka.log.LogCleanerManager$$Lambda$1596.0x00000008015ac950","< 0.1","4","1"
"kafka.log.LogCleanerManager$$Lambda$1607.0x00000008015a8e28","< 0.1","4","1"
"kafka.log.LogCleanerManager$$Lambda$1608.0x00000008015be1c0","< 0.1","4","1"
"kafka.log.LogCleanerManager$$Lambda$1616.0x00000008015a9ba0","< 0.1","4","1"
"java.io.BufferedReader","< 0.1","3","1"
"java.io.InputStreamReader","< 0.1","3","1"
"java.lang.ref.WeakReference","< 0.1","3","1"
"java.nio.file.attribute.FileAttribute[]","< 0.1","3","1"
"java.util.WeakHashMap$Entry","< 0.1","3","1"
"java.util.concurrent.locks.ReentrantReadWriteLock$Sync$HoldCounter","< 0.1","3","1"
"kafka.log.LogCleanerManager$$Lambda$1589.0x0000000801595d80","< 0.1","3","1"
"kafka.log.LogCleanerManager$$Lambda$1591.0x000000080159b820","< 0.1","3","1"
"kafka.log.LogCleanerManager$$Lambda$1592.0x00000008015b4c58","< 0.1","3","1"
"kafka.log.PreCleanStats","< 0.1","3","1"
"org.apache.kafka.server.common.CheckpointFile$CheckpointReadBuffer","< 0.1","3","1"
"scala.collection.Iterator$$anon$10","< 0.1","3","1"
"scala.collection.MapOps$KeySet","< 0.1","3","1"
"scala.collection.MapOps$WithFilter","< 0.1","3","1"
"scala.collection.View$FlatMap","< 0.1","3","1"
"scala.collection.convert.AsScalaExtensions$ListHasAsScala","< 0.1","3","1"
"scala.collection.convert.JavaCollectionWrappers$JListWrapper","< 0.1","3","1"
"scala.collection.immutable.MapBuilderImpl","< 0.1","3","1"
"sun.nio.ch.ChannelInputStream","< 0.1","3","1"
"sun.nio.cs.StreamDecoder","< 0.1","3","1"
"sun.nio.cs.UTF_8$Decoder","< 0.1","3","1"
"boolean[]","< 0.1","2","1"
"java.io.FileOutputStream$1","< 0.1","2","1"
"java.nio.channels.spi.AbstractInterruptibleChannel$1","< 0.1","2","1"
"java.nio.file.CopyOption[]","< 0.1","2","1"
"java.util.HashMap$KeySet","< 0.1","2","1"
"java.util.HashMap$ValueIterator","< 0.1","2","1"
"java.util.HashSet","< 0.1","2","1"
"java.util.concurrent.LinkedBlockingDeque$Itr","< 0.1","2","1"
"kafka.cluster.Broker$$Lambda$1646.0x00000008015bf218","< 0.1","2","1"
"kafka.common.InterBrokerSendThread$$Lambda$1640.0x0000000801627b08","< 0.1","2","1"
"kafka.common.InterBrokerSendThread$$Lambda$1641.0x00000008015bc100","< 0.1","2","1"
"kafka.server.AbstractFetcherManager$$Lambda$1620.0x00000008015ba008","< 0.1","2","1"
"kafka.server.IncrementalFetchContext$$Lambda$1288.0x00000008014c5a98","< 0.1","2","1"
"kafka.server.KafkaApis$$Lambda$1259.0x00000008014bc330","< 0.1","2","1"
"kafka.server.KafkaApis$$Lambda$1263.0x00000008014bd018","< 0.1","2","1"
"kafka.server.KafkaApis$$Lambda$1264.0x00000008014bd3d0","< 0.1","2","1"
"kafka.server.KafkaApis$$Lambda$1271.0x00000008014ba000","< 0.1","2","1"
"kafka.server.KafkaApis$$Lambda$1272.0x00000008014ba2a8","< 0.1","2","1"
"kafka.server.KafkaApis$$Lambda$1273.0x00000008014ba4c8","< 0.1","2","1"
"kafka.server.KafkaApis$$Lambda$1278.0x00000008014bb5a8","< 0.1","2","1"
"kafka.server.KafkaApis$$Lambda$1279.0x00000008014bb958","< 0.1","2","1"
"kafka.server.KafkaApis$$Lambda$1280.0x00000008014bbb78","< 0.1","2","1"
"kafka.server.KafkaApis$$Lambda$1281.0x00000008014c4000","< 0.1","2","1"
"kafka.server.MetadataCacheControllerNodeProvider$$Lambda$1647.0x0000000801575b78","< 0.1","2","1"
"kafka.utils.KafkaScheduler$$Lambda$1571.0x00000008015279c8","< 0.1","2","1"
"org.apache.kafka.common.Node","< 0.1","2","1"
"org.apache.kafka.common.requests.FetchResponse$$Lambda$1282.0x00000008014bbd98","< 0.1","2","1"
"org.apache.kafka.common.requests.FetchResponse$$Lambda$1283.0x00000008014c43b8","< 0.1","2","1"
"scala.collection.convert.AsScalaExtensions$SetHasAsScala","< 0.1","2","1"
"scala.collection.convert.JavaCollectionWrappers$JSetWrapper","< 0.1","2","1"
"scala.collection.mutable.AnyRefMap$$anon$1","< 0.1","2","1"
"sun.nio.fs.UnixCopyFile$Flags","< 0.1","2","1"
"sun.nio.fs.UnixPath","< 0.1","2","1"
"com.yourkit.probes.ResourceCounter$MyPhantomReference","< 0.1","1","1"
"com.yourkit.probes.ResourceCounter$Resource","< 0.1","1","1"
"java.io.BufferedWriter","< 0.1","1","1"
"java.io.File","< 0.1","1","1"
"java.io.FileCleanable","< 0.1","1","1"
"java.io.FileOutputStream","< 0.1","1","1"
"java.io.OutputStreamWriter","< 0.1","1","1"
"java.util.HashMap$KeySpliterator","< 0.1","1","1"
"java.util.LinkedHashMap$LinkedValueIterator","< 0.1","1","1"
"java.util.stream.ReferencePipeline$2","< 0.1","1","1"
"java.util.stream.ReferencePipeline$2$1","< 0.1","1","1"
"kafka.cluster.Partition$$Lambda$1058.0x00000008014616a0","< 0.1","1","1"
"kafka.cluster.Partition$$Lambda$1089.0x0000000801472c28","< 0.1","1","1"
"kafka.cluster.Partition$$Lambda$1123.0x0000000801482000","< 0.1","1","1"
"kafka.cluster.Partition$$Lambda$1246.0x00000008014b4000","< 0.1","1","1"
"kafka.cluster.Partition$$Lambda$1249.0x00000008014abd90","< 0.1","1","1"
"kafka.cluster.Partition$$Lambda$1369.0x00000008014e6b40","< 0.1","1","1"
"kafka.cluster.Partition$$Lambda$1438.0x000000080150dcf8","< 0.1","1","1"
"kafka.common.InterBrokerSendThread$$Lambda$1630.0x00000008015b9b38","< 0.1","1","1"
"kafka.common.UnsentRequests$$Lambda$1629.0x00000008015ba920","< 0.1","1","1"
"kafka.log.LogAppendInfo$$Lambda$1361.0x00000008014e4cd8","< 0.1","1","1"
"kafka.log.LogCleaner$CleanerThread$$Lambda$1609.0x00000008015ba4b0","< 0.1","1","1"
"kafka.log.LogCleaner$CleanerThread$$Lambda$1615.0x00000008015bcf70","< 0.1","1","1"
"kafka.log.LogCleanerManager$$$Lambda$1599.0x00000008015a5d58","< 0.1","1","1"
"kafka.log.LogCleanerManager$$$Lambda$1604.0x00000008015be628","< 0.1","1","1"
"kafka.log.LogCleanerManager$$Lambda$1605.0x00000008015bdd58","< 0.1","1","1"
"kafka.log.LogCleanerManager$$Lambda$1606.0x00000008015a89b8","< 0.1","1","1"
"kafka.log.LogSegments$$$Lambda$1598.0x00000008015b03d0","< 0.1","1","1"
"kafka.log.LogSegments$$Lambda$1547.0x00000008015cb808","< 0.1","1","1"
"kafka.log.LogSegments$$Lambda$1552.0x00000008015c6680","< 0.1","1","1"
"kafka.log.LogToClean$$Lambda$1602.0x000000080159bc48","< 0.1","1","1"
"kafka.log.LogValidator$$$Lambda$1353.0x00000008014dd298","< 0.1","1","1"
"kafka.log.LogValidator$$$Lambda$1355.0x00000008014de358","< 0.1","1","1"
"kafka.log.LogValidator$$$Lambda$1356.0x00000008014df0b8","< 0.1","1","1"
"kafka.log.LogValidator$$$Lambda$1357.0x00000008014df620","< 0.1","1","1"
"kafka.log.ProducerStateManager$$Lambda$1550.0x00000008015b07a8","< 0.1","1","1"
"kafka.log.ProducerStateManager$$Lambda$1551.0x00000008015c62c8","< 0.1","1","1"
"kafka.log.UnifiedLog$$Lambda$1524.0x000000080158fa08","< 0.1","1","1"
"kafka.log.UnifiedLog$$Lambda$1528.0x0000000801531970","< 0.1","1","1"
"kafka.log.UnifiedLog$$Lambda$1612.0x00000008015bade8","< 0.1","1","1"
"kafka.network.Processor$$Lambda$1499.0x000000080155c578","< 0.1","1","1"
"kafka.network.Processor$$Lambda$1501.0x0000000801554148","< 0.1","1","1"
"kafka.server.ControllerInformation","< 0.1","1","1"
"kafka.server.DelayedFetch$$Lambda$1498.0x0000000801553d38","< 0.1","1","1"
"kafka.server.KafkaApis$$Lambda$1343.0x00000008014d4ff0","< 0.1","1","1"
"kafka.server.KafkaApis$$Lambda$1344.0x00000008014d5210","< 0.1","1","1"
"kafka.server.KafkaApis$$Lambda$1345.0x00000008014d56c0","< 0.1","1","1"
"kafka.server.KafkaApis$$Lambda$1346.0x00000008014d5a78","< 0.1","1","1"
"kafka.server.KafkaApis$$Lambda$1376.0x00000008014e83b0","< 0.1","1","1"
"kafka.server.KafkaApis$$Lambda$1377.0x00000008014e8948","< 0.1","1","1"
"kafka.server.KafkaApis$$Lambda$1379.0x00000008014e9290","< 0.1","1","1"
"kafka.server.KafkaApis$$Lambda$1380.0x00000008014e9828","< 0.1","1","1"
"kafka.server.KafkaApis$$Lambda$1445.0x000000080152ef40","< 0.1","1","1"
"kafka.server.KafkaApis$$Lambda$1446.0x0000000801508b78","< 0.1","1","1"
"kafka.server.KafkaApis$$Lambda$1447.0x0000000801510390","< 0.1","1","1"
"kafka.server.KafkaApis$$Lambda$1451.0x000000080150c370","< 0.1","1","1"
"kafka.server.KafkaApis$$Lambda$1455.0x00000008015051c8","< 0.1","1","1"
"kafka.server.KafkaApis$$Lambda$1456.0x0000000801505578","< 0.1","1","1"
"kafka.server.KafkaApis$$Lambda$961.0x000000080143a038","< 0.1","1","1"
"kafka.server.MetadataCacheControllerNodeProvider$$Lambda$1642.0x00000008015bbbf0","< 0.1","1","1"
"kafka.server.ReplicaManager$$Lambda$1406.0x000000080153cfc8","< 0.1","1","1"
"kafka.server.ReplicaManager$$Lambda$1509.0x0000000801555078","< 0.1","1","1"
"kafka.server.ReplicaManager$$Lambda$1510.0x00000008015508c0","< 0.1","1","1"
"kafka.server.ReplicaManager$$Lambda$1573.0x00000008015b0000","< 0.1","1","1"
"kafka.server.ReplicaManager$$Lambda$1575.0x000000080154f0b0","< 0.1","1","1"
"kafka.server.ReplicaManager$$Lambda$1577.0x000000080153e638","< 0.1","1","1"
"kafka.server.ReplicaManager$$Lambda$1578.0x0000000801524c88","< 0.1","1","1"
"kafka.server.ReplicaManager$$Lambda$1579.0x00000008015dfc10","< 0.1","1","1"
"kafka.server.epoch.LeaderEpochFileCache$$Lambda$1546.0x00000008015c6a38","< 0.1","1","1"
"kafka.server.metadata.ZkMetadataCache$$Lambda$1644.0x00000008015c34d0","< 0.1","1","1"
"kafka.server.metadata.ZkMetadataCache$$Lambda$1645.0x00000008015c3a50","< 0.1","1","1"
"org.apache.kafka.clients.ClusterConnectionStates$$Lambda$1628.0x0000000801529620","< 0.1","1","1"
"org.apache.kafka.common.requests.ProduceRequest$$Lambda$1385.0x00000008014eaa00","< 0.1","1","1"
"org.apache.kafka.common.requests.ProduceRequest$$Lambda$1386.0x00000008014eac20","< 0.1","1","1"
"org.apache.kafka.common.requests.ProduceRequest$$Lambda$1387.0x00000008014eae40","< 0.1","1","1"
"org.apache.kafka.common.requests.ProduceResponse$$Lambda$1381.0x00000008014ea178","< 0.1","1","1"
"org.apache.kafka.common.requests.ProduceResponse$$Lambda$1383.0x00000008014ea5c0","< 0.1","1","1"
"org.apache.kafka.common.requests.ProduceResponse$$Lambda$1384.0x00000008014ea7e0","< 0.1","1","1"
"scala.collection.mutable.AnyRefMap","< 0.1","1","1"
"scala.runtime.NonLocalReturnControl$mcV$sp","< 0.1","1","1"
"sun.nio.cs.StreamEncoder","< 0.1","1","1"
"sun.nio.cs.UTF_8$Encoder","< 0.1","1","1"
